ffti_sta_lta_mean_1,ffti_sta_lta_mean_2,ffti_sta_lta_mean_3,ffti_sta_lta_mean_4,ffti_sta_lta_mean_5,ffti_sta_lta_mean_6,ffti_sta_lta_mean_7,ffti_sta_lta_mean_8,fftr_sta_lta_mean_1,fftr_sta_lta_mean_2,fftr_sta_lta_mean_3,fftr_sta_lta_mean_4,fftr_sta_lta_mean_5,fftr_sta_lta_mean_6,fftr_sta_lta_mean_7,fftr_sta_lta_mean_8,sta_lta_mean_1,sta_lta_mean_2,sta_lta_mean_3,sta_lta_mean_4,sta_lta_mean_5,sta_lta_mean_6,sta_lta_mean_7,sta_lta_mean_8
0.9665520601943075,0.9360719041349498,1.0084261587590977,0.9955620011419869,0.9555714690177693,1.011384477145136,1.0073392255934812,0.8654431110186537,0.9661593678048545,0.9360800823614925,1.0082943331120147,0.9955600042283027,0.9555607122119489,1.0098138952217346,1.0075646353052583,0.8652146838654253,0.9209760289140281,0.916201746620149,0.2660873360231258,0.9921921578729614,0.9359108253616649,0.9600219880237411,1.013811099141934,0.8081243982120526
0.9861779819176321,0.9386729810325637,1.1289019379934326,0.9955638669045941,0.9555700146240959,1.0105201443281264,1.0157662000920218,0.8693105446329673,0.985677136003961,0.9387651694248487,1.129197387728354,0.9955600042135432,0.9555613343846788,1.009952695994096,1.0156407941463188,0.8694566203029719,0.9659455025312912,0.9310903821874154,0.28598362202896394,0.988875411870848,0.9488834555029734,1.0195378203649963,1.0277994896468816,0.7915498079283376
0.9913465737427513,0.9390956490783663,1.1563218835478382,0.9955620862910538,0.9555705247786968,1.0101349274101903,1.0119300154436484,0.8703107342904481,0.9908849247240323,0.9392538123379487,1.1553536508505509,0.9955600043391573,0.955561359976331,1.009217815332833,1.0106250700131465,0.8701521286729376,0.9487705150739666,0.9342443345981876,0.5126031472314249,0.9874269986327953,0.9470025518528066,1.0160985767661022,1.0490812110139427,0.87782164494062
0.9886702367449608,0.9401555014017564,1.1460016617614115,0.9955627232004101,0.9555695162223877,1.0062746175196093,1.0244406031683595,0.8699504231677232,0.9890510730302716,0.9398908720105427,1.1443409197583743,0.995560004377556,0.9555613423182285,1.0075944813662225,1.022839312443626,0.8696582908410387,0.9380884970101648,0.9266264246406826,0.24364125635218514,0.9871296950956037,0.9502678409642978,1.0241338791770567,1.0290952429558051,0.8285298273314579
