ffti_k_static_{interval},ffti_mean_abs_dev,ffti_moments_{interval},ffti_variable_k_static_{interval},fftr_k_static_{interval},fftr_mean_abs_dev,fftr_moments_{interval},fftr_variable_k_static_{interval},k_static_{interval},mean_abs_dev,moments_{interval},variable_k_static_{interval}
98476772633487.48,715.342123030747,109992037707327.25,707703468.4709966,1.9204829183498716e+18,722.2091941039648,1.920484760794029e+18,12803455259536.758,22793.108732904162,2.9652,24823.3125296724,0.16098006810245735
298526550334347.56,738.5129026490296,330732908977815.75,2133354618.0816345,1.683538137478198e+18,743.3387484850532,1.683589639747861e+18,11224016019183.553,186125.60847484242,2.9652,191770.73320287853,1.2659493944155245
385853263614820.9,748.1298752886634,426707115420622.7,2753977128.1743197,1.9560476957865395e+18,742.8826001250093,1.956111995070929e+18,13040835582416.479,79075.54912636284,4.4478,86141.41128034683,0.5585841594002339
385964581999434.94,739.9132043310202,424373931577629.06,2743854592.294929,1.949500800552794e+18,742.1976449564129,1.9495659253425247e+18,12997192507241.424,267613.7565873576,2.9652,274489.57751075976,1.8146832433817663
